{
  "0.001": 0.44317781925201416,
  "0.004": 0.72910475730896,
  "0.003": 0.6840373873710632,
  "0.002": 0.608677864074707,
  "0.005": 0.9548487067222595,
  "0.007": 0.9549048542976379,
  "0.008": 0.954870879650116,
  "0.006": 0.954924464225769,
  "0.0001": 0.26849520206451416,
  "0.0002": 0.3067778944969177,
  "0.00030000000000000003": 0.3387468755245209,
  "0.0004": 0.3519381284713745,
  "0.0005": 0.3722406327724457,
  "0.0007": 0.40503591299057007,
  "0.0006000000000000001": 0.3820462226867676,
  "0.0008": 0.4297069013118744,
  "1e-05": 0.16724824905395508,
  "3.0000000000000004e-05": 0.20542830228805542,
  "2e-05": 0.19175894558429718,
  "4e-05": 0.2163272500038147,
  "5e-05": 0.23340925574302673,
  "6.000000000000001e-05": 0.24059534072875977,
  "7.000000000000001e-05": 0.25646036863327026,
  "8e-05": 0.2511153221130371,
  "1e-06": 0.16253086924552917,
  "2e-06": 0.16233377158641815,
  "3e-06": 0.1610274314880371,
  "4e-06": 0.1623580902814865,
  "4.9999999999999996e-06": 0.16093803942203522,
  "7e-06": 0.1636546552181244,
  "6e-06": 0.16219653189182281,
  "8e-06": 0.16865745186805725,
  "1e-07": 0.16369089484214783,
  "3e-07": 0.16008974611759186,
  "2e-07": 0.16250361502170563,
  "4e-07": 0.1605447381734848,
  "5e-07": 0.15811783075332642,
  "7e-07": 0.16112060844898224,
  "6e-07": 0.1679302603006363,
  "8e-07": 0.1591002643108368
}