{"1e-05": 0.8634279370307922, "7.000000000000001e-05": 1.1779303550720215, "1e-06": 0.8633795976638794, "4e-05": 1.0710304975509644, "4e-06": 0.8575011491775513, "7e-06": 0.8530960083007812, "1e-07": 0.8797684907913208, "4e-07": 0.8679299354553223, "7e-07": 0.8640219569206238, "1e-08": 0.8625836372375488, "4e-08": 0.8727266192436218, "7e-08": 0.8696755766868591, "1e-09": 0.8766189813613892, "4e-09": 0.8599655032157898, "7.000000000000001e-09": 0.8724692463874817}